publishedAtDate,stars,isLocalGuide,reviewerNumberOfReviews
2026-04-23 00:54:57.220000+00:00,5,True,82
2026-04-17 01:02:45.003000+00:00,5,True,1
2026-04-16 18:45:01.086000+00:00,5,False,0
2026-04-14 22:20:13.591000+00:00,5,True,5
2026-04-05 00:53:09.969000+00:00,5,False,8
2026-04-03 19:29:48.314000+00:00,5,True,19
2026-03-30 00:29:03.789000+00:00,5,False,1
2026-03-25 08:51:19.829000+00:00,5,False,4
2026-03-20 23:32:28.963000+00:00,5,True,39
2026-03-12 17:30:35.814000+00:00,5,True,12
2026-03-05 18:54:56.152000+00:00,5,True,21
2026-03-04 01:22:26.151000+00:00,5,False,1
2026-02-26 04:55:23.428000+00:00,5,False,10
2026-02-25 17:03:07.655000+00:00,5,False,3
2026-01-30 02:21:49.405000+00:00,5,False,8
2025-12-25 18:49:22.705000+00:00,5,True,6
2025-12-23 20:36:01.909000+00:00,5,False,7
2025-12-18 17:50:28.797000+00:00,5,False,1
2025-12-12 19:56:26.678000+00:00,1,False,2
2025-12-11 18:31:32.022000+00:00,5,True,13
2025-12-11 02:52:08.950000+00:00,5,False,3
2025-12-06 02:53:25.386000+00:00,4,False,0
2025-11-30 05:18:51.270000+00:00,5,False,10
2025-11-26 23:43:00.797000+00:00,5,False,1
2025-11-26 17:06:36.136000+00:00,1,True,22
2025-11-18 05:50:59.058000+00:00,5,False,4
2025-11-16 07:20:18.740000+00:00,5,True,11
2025-11-10 02:32:25.710000+00:00,5,False,8
2025-10-22 17:32:57.443000+00:00,5,True,12
2025-10-06 23:13:11.723000+00:00,1,True,60
2025-10-02 01:00:50.712000+00:00,5,False,4
2025-10-01 00:39:42.175000+00:00,5,False,2
2025-09-25 13:46:28.511000+00:00,5,False,7
2025-09-24 21:18:45.756000+00:00,5,False,2
2025-09-20 02:40:17.917000+00:00,5,True,1
2025-09-15 16:51:21.329000+00:00,5,False,0
2025-09-13 01:29:02.069000+00:00,5,False,0
2025-09-10 22:38:29.382000+00:00,5,True,8
2025-09-03 17:55:27.961000+00:00,5,False,3
2025-09-03 04:41:09.792000+00:00,5,False,0
2025-08-28 18:31:21.046000+00:00,5,False,5
2025-08-27 17:24:57.785000+00:00,5,True,18
2025-08-21 17:09:42.023000+00:00,5,False,8
2025-08-18 16:19:09.193000+00:00,5,False,1
2025-08-16 01:33:45.629000+00:00,1,False,2
2025-08-10 19:12:45.657000+00:00,5,False,3
2025-07-29 21:58:24.842000+00:00,5,False,9
2025-07-28 04:01:04.194000+00:00,5,False,1
2025-07-16 23:41:41.451000+00:00,5,False,4
2025-07-07 04:29:33.488000+00:00,5,False,3
2025-06-13 04:19:39.431000+00:00,5,False,1
2025-06-10 01:34:28.483000+00:00,5,False,5
2025-06-09 20:36:30.257000+00:00,5,True,22
2025-06-04 04:49:41.327000+00:00,5,False,8
2025-05-30 01:01:41.216000+00:00,5,False,0
2025-05-28 21:40:43.167000+00:00,5,True,75
2025-05-28 07:18:41.447000+00:00,5,False,1
2025-05-26 22:30:50.225000+00:00,5,True,47
2025-05-26 22:26:03.277000+00:00,5,False,5
2025-05-23 14:18:45.641000+00:00,5,False,9
2025-05-04 14:34:57.967000+00:00,5,False,1
2025-04-30 00:06:41.466000+00:00,5,False,5
2025-04-29 01:38:40.807000+00:00,5,False,4
2025-04-29 01:37:47.975000+00:00,5,False,8
2025-04-25 03:45:38.392000+00:00,5,False,0
2025-04-22 02:58:45.358000+00:00,5,True,14
2025-04-15 21:01:02.449000+00:00,5,False,1
2025-04-08 01:44:27.287000+00:00,5,False,7
2025-04-04 03:00:26.329000+00:00,5,False,5
2025-04-03 13:25:39.857000+00:00,5,True,11
2025-03-28 11:23:07.061000+00:00,5,False,1
2025-03-14 02:31:58.951000+00:00,5,False,7
2025-03-06 18:08:37.710000+00:00,5,False,2
2025-02-28 16:26:28.115000+00:00,4,False,4
2025-02-28 15:42:07.872000+00:00,5,False,0
2025-02-21 01:06:25.504000+00:00,5,False,2
2025-02-20 02:39:23.703000+00:00,5,False,4
2025-02-17 08:41:46.647000+00:00,5,False,10
2025-02-13 04:00:32.919000+00:00,5,True,30
2025-01-28 07:06:35.308000+00:00,5,False,0
2025-01-27 22:04:43.491000+00:00,5,False,7
2025-01-24 21:59:21.618000+00:00,5,False,9
2025-01-22 01:41:29.814000+00:00,5,True,34
2025-01-15 08:24:21.184000+00:00,5,False,4
2025-01-09 18:46:53.314000+00:00,5,True,83
2025-01-07 02:05:42.415000+00:00,5,False,5
2025-01-07 00:49:33.705000+00:00,5,True,16
2025-01-03 05:56:03.952000+00:00,5,True,6
2024-12-30 01:20:52.231000+00:00,5,False,5
2024-12-27 23:59:09.282000+00:00,5,False,8
2024-12-26 14:46:02.982000+00:00,5,False,0
2024-12-24 16:16:48.942000+00:00,4,False,3
2024-12-24 06:59:56.797000+00:00,5,False,0
2024-12-24 04:18:12.986000+00:00,5,False,8
2024-12-22 10:30:49.401000+00:00,5,False,0
2024-12-09 21:03:49.707000+00:00,5,True,14
2024-12-02 16:20:18.496000+00:00,5,False,0
2024-11-29 16:27:11.834000+00:00,5,False,9
2024-11-29 04:42:29.077000+00:00,5,False,1
2024-11-29 03:17:33.864000+00:00,5,False,2
2024-11-26 19:17:44.372000+00:00,5,False,1
2024-11-22 16:53:32.406000+00:00,5,False,5
2024-11-17 09:17:56.076000+00:00,5,False,3
2024-11-08 02:21:38.186000+00:00,5,False,9
2024-11-07 23:16:19.264000+00:00,4,True,16
2024-10-02 15:57:54.433000+00:00,5,True,186
2024-10-02 03:52:36.659000+00:00,5,False,5
2024-09-23 12:20:50.802000+00:00,5,False,0
2024-09-17 02:13:14.370000+00:00,5,False,1
2024-09-12 16:11:43.376000+00:00,5,False,0
2024-09-10 19:10:01.178000+00:00,5,False,1
2024-09-05 00:51:51.835000+00:00,5,False,2
2024-09-01 16:58:47.065000+00:00,5,False,9
2024-08-30 03:06:14.928000+00:00,5,True,12
2024-08-28 14:04:36.337000+00:00,5,False,6
2024-08-16 02:48:17.906000+00:00,5,False,1
2024-08-09 22:08:30.143000+00:00,5,False,3
2024-08-09 03:06:57.245000+00:00,5,False,7
2024-08-06 06:11:45.165000+00:00,5,False,1
2024-08-06 03:28:56.331000+00:00,5,True,16
2024-07-28 20:31:56.584000+00:00,5,False,5
2024-07-26 02:19:14.438000+00:00,5,False,11
2024-07-25 05:15:51.038000+00:00,5,False,6
2024-07-24 03:44:08.331000+00:00,5,True,6
2024-07-16 00:45:23.125000+00:00,5,False,9
2024-07-13 17:31:25.031000+00:00,5,False,9
2024-07-12 02:21:30.170000+00:00,5,False,9
2024-07-08 01:04:43.218000+00:00,5,True,71
2024-07-01 22:12:21.733000+00:00,5,False,6
2024-06-30 23:23:45.743000+00:00,5,False,2
2024-06-27 16:08:15.941000+00:00,5,False,1
2024-06-21 04:58:04.890000+00:00,5,True,28
2024-06-17 17:25:43.549000+00:00,5,True,39
2024-06-14 15:40:20.798000+00:00,5,False,7
2024-06-04 01:55:27.523000+00:00,5,False,2
2024-05-30 10:49:23.669000+00:00,5,True,50
2024-05-27 17:03:49.529000+00:00,5,False,1
2024-05-27 02:41:24.930000+00:00,5,False,6
2024-05-22 23:06:45.290000+00:00,5,True,15
2024-05-21 23:39:46.925000+00:00,5,False,4
2024-05-21 02:33:16.273000+00:00,5,False,0
2024-04-26 01:44:36.523000+00:00,5,True,37
2024-04-24 03:37:25.136000+00:00,5,False,7
2024-04-20 04:42:27.922000+00:00,5,False,16
2024-04-16 19:36:30.637000+00:00,5,False,0
2024-04-16 17:45:37.348000+00:00,5,False,5
2024-04-07 19:56:24.107000+00:00,5,False,4
2024-04-07 17:29:17.392000+00:00,5,False,6
2024-03-21 03:20:47.234000+00:00,5,True,15
2024-03-21 03:01:56.749000+00:00,4,False,1
2024-03-20 14:20:32.189000+00:00,5,True,11
2024-03-19 17:43:59.440000+00:00,5,True,0
2024-03-19 01:22:34.579000+00:00,5,True,20
2024-03-18 02:08:18.387000+00:00,5,False,0
2024-03-15 00:18:14.321000+00:00,5,False,1
2024-03-13 01:23:43.147000+00:00,5,False,5
2024-03-09 18:28:03.305000+00:00,5,False,2
2024-03-07 19:21:17.268000+00:00,5,False,1
2024-02-27 20:09:52.991000+00:00,1,False,4
2024-02-23 19:31:44.443000+00:00,5,True,8
2024-02-21 22:13:15.525000+00:00,5,True,28
2024-02-21 20:40:19.718000+00:00,5,False,1
2024-02-21 02:24:38.856000+00:00,5,False,11
2024-02-18 23:52:18.043000+00:00,5,True,79
2024-02-18 21:34:37.773000+00:00,4,False,7
2024-02-16 23:08:08.185000+00:00,5,False,7
2024-02-12 02:22:24.367000+00:00,5,False,6
2024-02-09 02:13:43.278000+00:00,5,True,21
2024-02-06 22:47:03.466000+00:00,5,False,3
2024-02-05 02:21:46.609000+00:00,5,False,12
2024-02-02 15:15:53.843000+00:00,5,False,7
2024-02-02 02:40:49.607000+00:00,5,False,7
2024-01-21 19:41:19.127000+00:00,5,False,3
2024-01-19 19:37:43.598000+00:00,5,True,30
2024-01-18 03:30:07.082000+00:00,5,True,20
2024-01-09 02:38:10.479000+00:00,5,True,11
2024-01-08 09:52:15.174000+00:00,5,True,8
2024-01-07 23:54:25.937000+00:00,5,False,8
2024-01-04 22:09:48.117000+00:00,5,False,4
2024-01-04 14:25:59.484000+00:00,5,False,2
2024-01-04 02:20:04.005000+00:00,5,True,87
2023-12-31 08:32:41.678000+00:00,5,False,2
2023-12-29 02:57:52.897000+00:00,4,False,0
2023-12-28 20:07:46.877000+00:00,5,False,2
2023-12-28 04:58:33.465000+00:00,5,False,7
2023-12-28 01:57:08.037000+00:00,5,False,9
2023-12-27 21:49:13.668000+00:00,5,False,12
2023-12-26 11:25:29.890000+00:00,4,False,2
2023-12-23 20:50:15.031000+00:00,5,False,8
2023-12-21 16:51:56.056000+00:00,5,False,11
2023-12-20 20:11:33.154000+00:00,5,False,0
2023-12-20 20:07:24.164000+00:00,5,False,3
2023-12-20 20:02:59.107000+00:00,5,False,4
2023-12-20 19:47:05.495000+00:00,5,False,0
2023-12-18 17:23:40.789000+00:00,5,False,3
2023-12-15 17:05:47.907000+00:00,5,False,9
2023-12-12 15:07:03.622000+00:00,5,False,8
2023-12-07 19:09:54.205000+00:00,5,False,3
2023-12-05 20:57:54.502000+00:00,5,False,11
2023-12-02 19:17:18.409000+00:00,5,False,12
2023-12-02 15:17:57.955000+00:00,5,False,2
2023-11-30 19:46:15.441000+00:00,5,False,4
2023-11-22 02:16:00.595000+00:00,5,False,3
2023-11-16 08:58:47.441000+00:00,5,False,1
2023-11-15 03:10:29.434000+00:00,5,False,3
2023-11-07 02:04:14.114000+00:00,5,True,48
2023-11-05 17:13:50.708000+00:00,5,False,3
2023-10-09 02:03:56.596000+00:00,5,False,3
2023-10-06 21:15:30.261000+00:00,5,True,24
2023-09-29 20:23:03.922000+00:00,5,True,33
2023-09-19 21:47:21.752000+00:00,5,False,1
2023-09-15 04:53:24.034000+00:00,5,False,4
2023-09-12 03:41:43.783000+00:00,5,False,4
2023-09-06 20:22:34.598000+00:00,5,False,5
2023-09-03 15:45:44.937000+00:00,5,True,31
2023-08-31 14:41:45.230000+00:00,5,False,6
2023-08-24 14:23:24.721000+00:00,5,False,3
2023-08-19 04:53:03.240000+00:00,5,False,7
2023-08-15 00:57:34.938000+00:00,5,False,1
2023-08-09 01:42:55.016000+00:00,5,False,2
2023-08-07 04:22:13.295000+00:00,5,False,1
2023-08-01 04:55:05.800000+00:00,5,False,1
2023-07-28 23:59:25.034000+00:00,5,True,27
2023-07-24 16:23:17.939000+00:00,5,False,2
2023-07-24 05:00:47.785000+00:00,5,True,43
2023-07-20 18:21:52.521000+00:00,5,False,3
2023-07-18 18:38:53.349000+00:00,5,False,5
2023-07-17 18:34:32.852000+00:00,5,True,19
2023-07-06 20:00:06.155000+00:00,5,False,11
2023-06-15 02:26:54.063000+00:00,5,False,9
2023-06-14 19:56:09.797000+00:00,5,False,1
2023-06-12 12:53:06.403000+00:00,5,True,43
2023-06-12 00:33:42.629000+00:00,5,False,0
2023-06-09 22:22:35.145000+00:00,5,False,5
2023-06-01 05:42:04.172000+00:00,5,True,24
2023-05-24 11:30:41.660000+00:00,5,False,1
2023-05-23 22:58:08.800000+00:00,4,True,20
2023-05-17 22:28:51.412000+00:00,5,False,1
2023-05-09 22:28:39.625000+00:00,5,False,38
2023-05-09 19:05:40.398000+00:00,5,True,16
2023-05-09 06:27:38.007000+00:00,5,False,5
2023-04-20 01:04:11.577000+00:00,5,False,4
2023-04-14 13:17:08.335000+00:00,5,False,2
2023-04-06 22:55:15.644000+00:00,5,False,3
2023-04-04 18:41:39.723000+00:00,5,True,13
2023-04-04 10:00:21.639000+00:00,5,True,23
2023-03-31 01:31:32.597000+00:00,5,True,50
2023-03-15 22:09:49.357000+00:00,5,True,24
2023-03-14 01:05:04.187000+00:00,5,False,2
2023-03-09 05:27:18.579000+00:00,1,False,1
2023-03-07 04:03:20.233000+00:00,5,False,1
2023-03-01 21:54:04.089000+00:00,5,False,1
2023-02-27 03:00:19.624000+00:00,5,False,4
2023-02-21 15:58:11.359000+00:00,5,True,8
2023-02-20 23:21:37.733000+00:00,5,False,1
2023-02-14 14:44:01.952000+00:00,5,False,1
2023-02-14 04:16:37.918000+00:00,4,False,1
2023-02-13 16:22:44.262000+00:00,4,True,63
2023-02-13 12:41:02.270000+00:00,5,False,2
2023-02-09 17:19:32.329000+00:00,4,False,0
2023-02-07 22:31:20.998000+00:00,5,True,29
2023-02-06 03:05:10.009000+00:00,5,False,5
2023-02-02 21:11:58.177000+00:00,5,False,3
2023-02-02 18:53:25.235000+00:00,5,False,3
2023-01-28 04:08:46.274000+00:00,5,True,18
2023-01-25 02:20:19.772000+00:00,5,False,0
2023-01-20 06:46:57.461000+00:00,5,False,2
2023-01-20 02:59:26.864000+00:00,5,True,140
2023-01-20 02:08:36.713000+00:00,5,False,1
2023-01-18 06:30:43.051000+00:00,5,False,0
2023-01-16 23:20:05.373000+00:00,5,False,4
2023-01-09 16:40:17.773000+00:00,5,False,3
2023-01-05 20:49:46.133000+00:00,5,False,3
2022-12-28 23:58:59.273000+00:00,5,False,2
2022-12-28 02:36:00.755000+00:00,5,True,29
2022-12-27 23:01:30.090000+00:00,1,False,3
2022-12-26 14:33:43.420000+00:00,5,True,89
2022-12-24 01:22:06.708000+00:00,5,False,1
2022-12-23 17:14:24.412000+00:00,5,True,11
2022-12-22 17:00:09.086000+00:00,5,False,3
2022-12-22 01:11:38.887000+00:00,5,False,1
2022-12-20 00:48:13.215000+00:00,5,False,1
2022-12-16 02:24:27.986000+00:00,5,False,3
2022-12-14 02:18:32.189000+00:00,5,True,145
2022-12-07 17:47:23.906000+00:00,5,True,25
2022-12-05 22:17:41.181000+00:00,5,True,20
2022-12-03 04:31:26.587000+00:00,5,True,21
2022-12-01 06:35:13.632000+00:00,5,False,3
2022-11-29 13:25:54.561000+00:00,5,True,165
2022-11-26 20:17:49.767000+00:00,5,True,33
2022-11-25 19:49:12.280000+00:00,5,True,16
2022-11-23 22:53:32.017000+00:00,5,False,2
2022-11-22 16:46:45.658000+00:00,5,False,1
2022-11-14 11:22:21.990000+00:00,4,False,6
2022-11-13 07:00:49.762000+00:00,5,False,0
2022-11-11 05:45:16.244000+00:00,5,False,1
2022-11-11 02:31:04.497000+00:00,5,True,83
2022-11-08 05:40:12.721000+00:00,5,False,3
2022-11-07 04:06:03.973000+00:00,5,True,127
2022-11-04 01:03:13.385000+00:00,5,False,1
2022-11-03 03:13:51.046000+00:00,5,True,56
2022-11-02 11:50:09.582000+00:00,5,True,2
2022-10-27 02:43:30.705000+00:00,5,True,25
2022-10-26 13:08:15.936000+00:00,5,False,4
2022-10-24 02:09:47.094000+00:00,5,False,13
2022-10-19 23:05:15.851000+00:00,5,False,3
2022-10-10 20:33:33.706000+00:00,5,False,16
2022-10-08 22:11:01.932000+00:00,5,False,2
2022-10-07 01:13:54.392000+00:00,5,False,3
2022-09-26 19:32:34.841000+00:00,5,True,26
2022-09-22 17:52:37.648000+00:00,5,False,8
2022-09-15 01:46:41.037000+00:00,5,False,1
2022-09-14 02:13:05.805000+00:00,5,True,32
2022-09-04 21:16:31.342000+00:00,5,False,0
2022-09-04 18:23:09.704000+00:00,5,False,3
2022-09-02 01:46:47.865000+00:00,5,False,1
2022-08-24 20:27:05.817000+00:00,5,False,7
2022-08-19 15:22:13.160000+00:00,5,True,8
2022-08-12 15:58:02.555000+00:00,5,True,10
2022-08-10 01:32:50.507000+00:00,5,False,1
2022-08-02 04:10:43.520000+00:00,5,False,12
2022-08-02 01:18:47.338000+00:00,5,False,2
2022-08-01 03:55:14.760000+00:00,5,False,2
2022-07-26 07:36:31.267000+00:00,5,False,5
2022-07-26 01:02:51.185000+00:00,5,False,3
2022-07-24 22:41:23.107000+00:00,5,True,1
2022-07-19 15:57:15.733000+00:00,5,False,0
2022-07-13 19:30:48.866000+00:00,5,False,2
2022-07-11 00:27:30.488000+00:00,5,False,1
2022-07-10 03:11:04.240000+00:00,4,False,11
2022-07-06 18:42:20.714000+00:00,5,True,226
2022-07-06 03:14:11.290000+00:00,5,False,2
2022-07-06 01:11:20.550000+00:00,5,False,1
2022-07-04 04:36:25.937000+00:00,5,True,64
2022-07-02 18:09:02.369000+00:00,5,False,1
2022-06-30 23:04:46.786000+00:00,5,False,3
2022-06-30 01:26:35.028000+00:00,5,False,5
2022-06-28 17:24:36.663000+00:00,5,False,8
2022-06-26 16:59:01.273000+00:00,5,False,3
2022-06-22 21:23:25.015000+00:00,5,False,1
2022-06-20 23:43:54.203000+00:00,5,False,6
2022-06-10 16:11:42.632000+00:00,5,False,1
2022-06-09 11:50:57.768000+00:00,5,True,77
2022-06-09 00:55:52.160000+00:00,5,False,1
2022-06-08 02:32:32.877000+00:00,5,False,0
2022-06-07 23:21:14.963000+00:00,5,False,4
2022-05-16 01:48:34.905000+00:00,5,True,32
2022-05-09 01:45:37.848000+00:00,5,True,4
2022-05-06 19:41:28.812000+00:00,5,False,0
2022-05-06 01:29:50.547000+00:00,5,False,1
2022-05-05 02:39:50.105000+00:00,5,False,3
2022-05-04 14:08:26.907000+00:00,5,False,0
2022-05-04 06:31:48.715000+00:00,5,False,10
2022-05-01 15:10:27.690000+00:00,5,False,0
2022-04-30 14:11:31.436000+00:00,5,False,0
2022-04-25 22:16:11.254000+00:00,5,True,85
2022-04-24 01:34:38.848000+00:00,5,True,39
2022-04-20 01:09:29.063000+00:00,5,False,3
2022-04-19 01:15:30.550000+00:00,5,False,1
2022-04-11 05:05:53.254000+00:00,5,True,12
2022-04-06 04:14:43.478000+00:00,5,False,2
2022-04-04 08:10:37.783000+00:00,5,False,2
2022-04-04 04:34:48.744000+00:00,5,False,11
2022-04-04 00:44:26.141000+00:00,4,True,62
2022-03-31 02:10:17.222000+00:00,5,False,1
2022-03-29 01:51:30.345000+00:00,5,False,5
2022-03-26 06:36:05.943000+00:00,5,True,63
2022-03-25 21:59:09.687000+00:00,5,True,35
2022-03-17 01:04:57.781000+00:00,5,False,3
2022-03-10 16:01:11.141000+00:00,5,False,4
2022-03-02 19:18:18.076000+00:00,5,True,102
2022-02-28 02:08:26.217000+00:00,5,True,44
2022-02-21 06:16:16.658000+00:00,5,False,7
2022-02-19 19:06:06.567000+00:00,5,False,0
2022-02-10 03:34:50.175000+00:00,5,False,0
2022-02-09 02:18:00.435000+00:00,5,True,103
2022-02-08 15:57:52.917000+00:00,5,False,10
2022-02-04 04:05:20.229000+00:00,5,False,3
2022-01-31 18:54:44.801000+00:00,5,True,106
2022-01-28 02:35:35.125000+00:00,5,False,8
2022-01-17 04:22:26.259000+00:00,5,True,22
2022-01-13 02:26:12.779000+00:00,5,False,2
2022-01-12 16:50:39.609000+00:00,5,False,0
2022-01-12 02:09:31.768000+00:00,5,False,10
2022-01-11 05:22:45.446000+00:00,1,False,5
2022-01-10 23:49:32.175000+00:00,5,False,1
2022-01-09 23:01:27.842000+00:00,5,False,2
2022-01-09 17:58:56.457000+00:00,5,False,12
2022-01-09 01:16:58.854000+00:00,5,True,157
2022-01-08 19:29:08.266000+00:00,5,True,10
2022-01-08 02:11:38.720000+00:00,5,False,6
2022-01-07 02:30:04.542000+00:00,5,False,2
2022-01-07 02:28:32.771000+00:00,5,False,0
2022-01-06 21:59:09.300000+00:00,5,False,5
2022-01-06 15:39:54.862000+00:00,5,False,3
2022-01-06 00:56:11.646000+00:00,5,False,5
2022-01-05 19:40:12.219000+00:00,5,False,0
2022-01-05 02:06:10.331000+00:00,5,True,15
2022-01-03 18:18:15.292000+00:00,5,False,0
2021-12-31 07:35:30.850000+00:00,5,False,8
2021-12-30 14:42:40.321000+00:00,5,True,10
2021-12-30 05:10:17.887000+00:00,5,False,10
2021-12-30 03:51:04.761000+00:00,5,False,5
2021-12-29 17:31:33.116000+00:00,5,False,0
2021-12-24 02:19:50.052000+00:00,5,True,19
2021-12-17 03:17:08.971000+00:00,5,True,17
2021-12-14 03:16:00.101000+00:00,5,False,6
2021-12-10 02:05:56.542000+00:00,5,False,2
2021-12-09 20:07:22.159000+00:00,5,False,7
2021-12-08 03:07:45.796000+00:00,5,True,58
2021-12-02 15:51:16.596000+00:00,5,False,4
2021-12-01 11:02:03.131000+00:00,5,False,1
2021-11-26 15:51:39.626000+00:00,5,True,81
2021-11-24 17:57:54.738000+00:00,5,False,3
2021-11-24 17:01:53.213000+00:00,5,True,2
2021-11-24 05:45:40.867000+00:00,4,False,5
2021-11-24 01:56:47.730000+00:00,5,False,5
2021-11-23 21:41:36.674000+00:00,3,True,26
2021-11-23 14:02:32.471000+00:00,5,True,61
2021-11-21 23:57:13.247000+00:00,5,False,4
2021-11-19 19:16:36.956000+00:00,5,False,0
2021-11-19 00:24:25.837000+00:00,5,True,21
2021-11-18 15:29:00.181000+00:00,5,True,9
2021-11-17 22:25:34.478000+00:00,5,False,4
2021-11-17 06:53:29.088000+00:00,4,True,5
2021-11-17 05:26:41.877000+00:00,5,False,3
2021-11-15 17:24:09.498000+00:00,5,True,14
2021-11-15 12:25:31.299000+00:00,5,False,0
2021-11-11 15:32:57.478000+00:00,5,True,11
2021-11-10 21:32:13.050000+00:00,5,False,10
2021-11-09 03:32:23.075000+00:00,5,True,15
2021-11-09 02:40:45.692000+00:00,5,True,39
2021-11-09 02:09:31.388000+00:00,5,True,20
2021-11-08 22:49:43.549000+00:00,5,False,1
2021-11-08 04:38:27.924000+00:00,5,False,14
2021-11-08 03:25:09.577000+00:00,5,False,4
2021-11-08 02:07:22.527000+00:00,5,True,5
2021-11-06 19:17:05.703000+00:00,5,True,16
2021-11-04 03:26:23.556000+00:00,5,True,26
2021-11-02 04:54:38.708000+00:00,5,True,22
2021-11-02 02:36:28.165000+00:00,5,True,158
2021-10-31 22:27:55.006000+00:00,5,True,23
2021-10-30 21:36:43.633000+00:00,5,False,4
2021-10-30 15:50:47.364000+00:00,5,False,4
2021-10-29 22:07:17.990000+00:00,5,True,28
2021-10-29 17:08:13.288000+00:00,5,False,0
2021-10-29 15:04:23.462000+00:00,5,False,4
2021-10-29 14:59:40.970000+00:00,5,True,23
2021-10-29 14:08:57.910000+00:00,5,False,10
2021-10-28 20:06:14.033000+00:00,5,False,0
2021-10-28 03:03:04.149000+00:00,5,False,1
2021-10-27 21:14:24.589000+00:00,4,True,13
2021-10-27 18:40:07.968000+00:00,5,True,130
2021-10-27 18:02:22.149000+00:00,4,False,5
2021-10-27 17:03:35.167000+00:00,5,False,4
2021-10-27 13:44:55.653000+00:00,5,False,14
2021-10-27 12:49:48.422000+00:00,5,False,5
2021-10-27 05:06:32.610000+00:00,5,False,1
2021-10-27 03:37:10.699000+00:00,5,False,0
2021-10-27 01:09:34.861000+00:00,5,False,6
2021-10-27 01:00:27.070000+00:00,5,False,0
2021-10-27 00:51:42.498000+00:00,5,False,7
2021-10-26 22:15:32.009000+00:00,5,False,5
2021-10-26 20:06:00.436000+00:00,5,False,0
2021-10-26 16:08:49.009000+00:00,5,False,4
2021-10-25 23:39:25.408000+00:00,5,False,2
2021-10-24 01:35:26.114000+00:00,5,True,29
2021-10-21 23:37:32.336000+00:00,5,True,22
2021-10-21 02:07:15.425000+00:00,5,False,4
2021-10-20 19:07:47.457000+00:00,5,True,36
2021-10-18 04:30:21.885000+00:00,5,False,3
2021-10-18 02:28:48.419000+00:00,5,True,21
2021-10-11 05:36:16.310000+00:00,5,True,21
2021-10-04 15:01:58.081000+00:00,5,False,2
2021-10-03 21:41:43.675000+00:00,5,False,10
2021-09-16 02:54:41.813000+00:00,5,True,15
2021-09-15 16:58:53.451000+00:00,5,True,42
2021-09-14 08:14:21.312000+00:00,5,True,130
2021-09-13 15:26:36.855000+00:00,5,False,2
2021-09-11 21:31:36.154000+00:00,5,False,0
2021-09-09 14:06:30.757000+00:00,5,False,3
2021-09-08 22:17:02.822000+00:00,5,False,3
2021-09-07 22:22:21.504000+00:00,3,False,0
2021-09-06 02:26:00.957000+00:00,5,False,11
2021-09-03 18:33:31.551000+00:00,5,True,50
2021-09-02 17:27:52.891000+00:00,5,True,63
2021-09-02 11:43:01.776000+00:00,5,False,4
2021-09-01 01:23:39.989000+00:00,5,False,3
2021-08-29 23:05:40.006000+00:00,5,False,8
2021-08-26 20:48:56.422000+00:00,5,False,6
2021-08-26 17:41:21.446000+00:00,5,True,18
2021-08-25 00:17:40.076000+00:00,5,False,3
2021-08-24 01:21:21.279000+00:00,5,False,7
2021-08-11 05:13:33.640000+00:00,5,False,9
2021-08-11 00:08:29.804000+00:00,5,False,8
2021-08-10 11:44:58.991000+00:00,4,False,7
2021-08-09 15:06:15.668000+00:00,5,True,9
2021-08-03 05:39:55.189000+00:00,5,False,0
2021-07-30 14:29:28.530000+00:00,1,False,2
2021-07-29 01:37:12.315000+00:00,5,False,6
2021-07-27 20:06:38.085000+00:00,5,False,2
2021-07-27 01:31:30.599000+00:00,5,True,52
2021-07-26 02:42:28.526000+00:00,5,False,5
2021-07-23 18:42:40.295000+00:00,5,False,2
2021-07-22 22:54:46.980000+00:00,5,True,19
2021-07-21 04:58:33.944000+00:00,1,False,4
2021-07-21 02:08:44.374000+00:00,5,False,6
2021-07-20 14:59:41.890000+00:00,5,False,1
2021-07-18 18:52:20.694000+00:00,5,True,41
2021-07-16 16:46:49.796000+00:00,5,False,16
2021-07-15 11:58:58.640000+00:00,5,True,50
2021-07-13 02:24:02.842000+00:00,5,False,10
2021-07-12 19:58:55.164000+00:00,4,False,3
2021-07-09 16:16:30.449000+00:00,5,True,31
2021-07-09 00:53:35.453000+00:00,5,False,0
2021-07-05 16:15:32.225000+00:00,5,False,6
2021-07-02 20:02:29.490000+00:00,5,False,1
2021-07-01 14:33:53.354000+00:00,5,False,10
2021-06-30 19:08:30.243000+00:00,5,False,2
2021-06-27 23:25:42.017000+00:00,5,False,1
2021-06-21 02:33:29.221000+00:00,5,False,2
2021-06-19 21:12:16.614000+00:00,5,False,4
2021-06-17 16:51:43.822000+00:00,5,False,2
2021-06-11 20:49:54.609000+00:00,5,True,11
2021-06-11 14:10:29.911000+00:00,5,False,0
2021-06-05 01:48:39.394000+00:00,4,False,2
2021-05-28 04:17:47.397000+00:00,5,False,0
2021-05-27 14:43:08.836000+00:00,5,True,13
2021-05-26 16:54:03.414000+00:00,4,True,195
2021-05-25 20:22:38.908000+00:00,5,True,46
2021-05-25 01:27:36.758000+00:00,5,False,7
2021-05-22 17:30:31.090000+00:00,5,False,3
2021-05-22 17:26:20.662000+00:00,5,False,1
2021-05-22 03:11:33.140000+00:00,5,False,2
2021-05-19 05:31:44.871000+00:00,5,True,38
2021-05-18 16:34:02.562000+00:00,5,False,8
2021-05-15 18:11:03.005000+00:00,5,True,27
2021-05-15 16:45:46.953000+00:00,5,True,19
2021-05-15 10:51:36.747000+00:00,5,False,3
2021-05-12 22:33:25.489000+00:00,5,False,1
2021-05-08 16:59:28.863000+00:00,5,False,3
2021-05-07 03:51:58.839000+00:00,5,True,26
2021-04-08 20:15:18.282000+00:00,1,False,3
2021-01-30 21:43:56.012000+00:00,1,False,2
2021-01-17 20:15:06.640000+00:00,1,True,3
2020-12-11 20:07:24.806000+00:00,1,True,182
2020-11-21 06:39:29.027000+00:00,1,False,1
2020-10-23 00:34:26.415000+00:00,3,True,69
2020-10-12 18:47:29.667000+00:00,1,False,4
2020-07-30 00:20:02.017000+00:00,5,True,94
2020-07-16 01:14:37.169000+00:00,1,False,0
2020-02-27 06:18:20.974000+00:00,1,False,1
2020-02-14 22:31:37.340000+00:00,1,False,2
2019-12-07 13:38:47.893000+00:00,1,True,19
2019-07-12 22:46:30.643000+00:00,1,False,1
2019-04-29 03:34:13.251000+00:00,1,True,17
2019-04-29 03:32:56.532000+00:00,1,False,1
2019-04-29 03:21:46.721000+00:00,1,True,33
2019-04-29 02:58:31.089000+00:00,1,False,7
2019-04-03 02:49:04.126000+00:00,1,True,117
2019-01-11 02:18:20.813000+00:00,3,False,1
2018-08-09 03:41:06.735000+00:00,2,True,19
2017-09-10 13:07:18.566000+00:00,5,True,52
2017-08-06 01:51:09.451000+00:00,5,True,40
2017-07-25 19:44:18.030000+00:00,5,False,2
2017-07-11 07:58:00.708000+00:00,5,True,306
2017-03-07 03:05:34.103000+00:00,1,True,44
2017-01-31 20:24:17.968000+00:00,5,True,11
2016-12-10 00:59:49.635000+00:00,1,False,3
2016-03-27 19:39:13.354000+00:00,5,False,0
2015-09-16 20:29:11.008000+00:00,2,False,1
